instancia,n,bks,costo_mejor,gap_mejor,costo_prom,gap_prom,gap_std,tiempo_prom_s
A-n60-k9,59,1354.0,1486.0,9.748892171344163,1560.5483870967741,15.254681469481108,4.161218742757266,0.17237039677321817
A-n80-k10,79,1763.0,1911.0,8.394781622234827,2045.3548387096773,16.01558926316945,4.045229065795992,0.22596390645447814
E-n76-k10,75,830.0,924.0,11.325301204819278,1013.1935483870968,22.07151185386708,4.852438055537282,0.21199579354781173
E-n101-k8,100,815.0,954.0,17.05521472392638,1033.7096774193549,26.835543241638632,5.419572644350815,0.3063620709647019
